text,created_at
https://t.co/Tjz6ZjVV79,03-28-2019 02:40:30
https://t.co/lGxIGgf43F,03-27-2019 23:17:42
RT @seanhannity: #HANNITY EXCLUSIVE TONIGHT: One-on-one with @realdonaldtrump ‚Äî the President‚Äôs first interview since Mueller found no coll‚Ä¶,03-27-2019 21:30:32
We are here today to award America‚Äôs highest military honor to a fallen hero who made the supreme sacrifice for our nation ‚Äì Staff Sergeant Travis Atkins...https://t.co/q3J8BhRnhA,03-27-2019 20:48:47
....Also discussed political fairness and various things that @Google can do for our Country. Meeting ended very well!,03-27-2019 19:38:55
Just met with @SundarPichai President of @Google who is obviously doing quite well. He stated strongly that he is totally committed to the U.S. Military not the Chinese Military....,03-27-2019 19:38:55
https://t.co/kTXRgcuk5x,03-27-2019 19:00:12
.@GreggJarrett: ‚ÄúTrump-Russia 'collusion' was always a hoax -- and dirtiest political trick in modern US history‚Äù https://t.co/H59Q1UL64g,03-27-2019 18:47:09
The Fake News Media has lost tremendous credibility with its corrupt coverage of the illegal Democrat Witch Hunt of your all time favorite duly elected President me! T.V. ratings of CNN &amp; MSNBC tanked last night after seeing the Mueller Report statement. @FoxNews up BIG!,03-27-2019 01:27:21
https://t.co/Ing9BhBQGi,03-27-2019 01:10:51
https://t.co/P46CNUBicX,03-27-2019 01:09:27
‚ÄúI think this is probably the most consequential media screwup of the last 25 to 50 years. It is difficult to comprehend or overstate the damage that the media did to the Country to their own reputation or to the Constitution. An absolute catastrophe‚Äù Sean Davis  @TuckerCarlson,03-27-2019 00:39:17
‚ÄúProclamation on Recognizing the Golan Heights as Part of the State of Israel‚Äù https://t.co/yAAyR2Hxe4 https://t.co/VccUpjMJqZ,03-26-2019 23:15:06
Thank you to the House Republicans for sticking together and the BIG WIN today on the Border. Today‚Äôs vote simply reaffirms Congressional Democrats are the party of Open Borders Drugs and Crime!,03-26-2019 21:31:16
‚ÄúA Catastrophic Media Failure‚Äù https://t.co/dkHo5kHwwf,03-26-2019 20:36:53
The Republican Party will become ‚ÄúThe Party of Healthcare!‚Äù,03-26-2019 16:58:18
‚ÄúWhat we‚Äôre seeing on Capitol Hill right now is that the Democrats are walking back any charges of Collusion against the President.‚Äù @ByronYork @BillHemmer Should never have been started a disgrace!,03-26-2019 14:49:07
‚ÄúWhat we‚Äôre seeing on Capital Hill right now is that the Democrats are walking back any charges of Collusion against the President.‚Äù @ByronYork  @BillHemmer Should never have been started a disgrace!,03-26-2019 14:42:40
RT @TomFitton: Let‚Äôs be clear neither Mueller Obama FBI DOJ CIA Deep State etc ever had good faith basis to pursue @realDonaldTrump o‚Ä¶,03-26-2019 11:12:01
The Mainstream Media is under fire and being scorned all over the World as being corrupt and FAKE. For two years they pushed the Russian Collusion Delusion when they always knew there was No Collusion. They truly are the Enemy of the People and the Real Opposition Party!,03-26-2019 10:54:55
RT @TomFitton: Tom Fitton on @RealDonaldTrump Russia Mueller Probe: 'They've KNOWN There Was NO Collusion" And by the way @DevinNunes is‚Ä¶,03-26-2019 03:48:05
RT @DonaldJTrumpJr: Christmas came early this week. https://t.co/ypqkZgRkeR,03-26-2019 03:32:10
RT @ZacharyIvanPor1: @realDonaldTrump Thank you Mr. Presidentüá∫üá∏ for all of your sacrifice your hard work and your thoughtful leadership.‚Ä¶,03-26-2019 03:24:10
RT @ScottABC7: The Stanley Cup and the Caps with President Trump in the Oval Office.What a picture! https://t.co/lKwBz3F1YL,03-26-2019 02:09:25
A team of great champions! https://t.co/Pm5p9L6TaX,03-26-2019 02:08:59
RT @keeperofthecup: Hanging out in the Roosevelt Room waiting to head into the oval office.  #stanleycup @NHL @WhiteHouse @HockeyHallFame‚Ä¶,03-26-2019 02:06:51
RT @bmcnally14: The #Caps won a Stanley Cup so they get to spend the next hour here touring and meeting the President in a private event. h‚Ä¶,03-26-2019 02:05:36
WSJ: Obama Admin Must Account for ‚ÄòAbuse of Surveillance Powers‚Äô https://t.co/mIE0vOFZae via @BreitbartNews,03-26-2019 01:54:43
Today it was my great honor to welcome Prime Minister @Netanyahu of Israel back to the @WhiteHouse where I signed a Presidential Proclamation recognizing Israel‚Äôs sovereignty over the Golan Heights. Read more: https://t.co/yAAyR2Hxe4 https://t.co/gWp6nwRwsY,03-25-2019 18:10:19
https://t.co/G4RNXzoWqc,03-25-2019 17:26:24
https://t.co/DAT0cT72WX,03-25-2019 15:22:40
RT @realDonaldTrump: Good Morning Have A Great Day!,03-25-2019 10:26:39
RT @realDonaldTrump: No Collusion No Obstruction Complete and Total EXONERATION. KEEP AMERICA GREAT!,03-25-2019 10:26:33
RT @realDonaldTrump: MAKE AMERICA GREAT AGAIN!,03-25-2019 10:26:28
‚ÄúBreaking News: Mueller Report Finds No Trump-Russia Conspiracy.‚Äù @MSNBC,03-25-2019 10:25:23
‚ÄúThe Special Counsel did not find that the Trump Campaign or anyone associated with it conspired or coordinated with the Russian Government in these efforts despite multiple offers from Russian-affiliated individuals to assist the Trump Campaign.‚Äù,03-25-2019 10:20:12
‚ÄúNo matter your ideologies or your loyalties this is a good day for America. No American conspired to cooperate with Russia in its efforts to interfere with the 2016 election according to Robert Mueller and that is good.‚Äù  @BretBaier  @FoxNews,03-25-2019 10:10:14
No Collusion No Obstruction Complete and Total EXONERATION. KEEP AMERICA GREAT!,03-24-2019 20:42:19
MAKE AMERICA GREAT AGAIN!,03-24-2019 12:02:59
Good Morning Have A Great Day!,03-24-2019 12:01:44
Today in Florida @FLOTUS and I were honored to welcome and meet with leaders from the Bahamas Dominican Republic Haiti Jamaica and Saint Lucia! https://t.co/tElFdkIYfC,03-22-2019 20:15:46
It was announced today by the U.S. Treasury that additional large scale Sanctions would be added to those already existing Sanctions on North Korea. I have today ordered the withdrawal of those additional Sanctions!,03-22-2019 17:22:59
It is my pleasure to announce that @StephenMoore a very respected Economist will be nominated to serve on the Fed Board. I have known Steve for a long time ‚Äì and have no doubt he will be an outstanding choice!,03-22-2019 16:47:33
....There is nothing to admire about them they will always try to show a glimmer of vicious hope but they are losers and barely breathing. Think about that before you destroy your lives and the lives of your family!,03-22-2019 16:15:05
ISIS uses the internet better than almost anyone but for all of those susceptible to ISIS propaganda they are now being beaten badly at every level....,03-22-2019 16:15:04
https://t.co/wbQiy4uGYM,03-22-2019 13:33:39
https://t.co/du665IcD5H,03-22-2019 13:13:18
‚ÄúOur own Benjamin Hall is doing fantastic reporting on ISIS right on the from line (True). ISIS was willing to die but now because of big pressure save for a few people in caves most have surrendered. A testament to our President.‚Äù Thank you Pete Hegseth @foxandfriends,03-22-2019 12:57:45
https://t.co/qjoe0rc3rQ,03-22-2019 12:48:06
3.1 GDP FOR THE YEAR BEST NUMBER IN 14 YEARS!,03-22-2019 10:52:12
RT @WhiteHouse: The American dream is back because President Trump understands what many experts don't: that restoring American greatness i‚Ä¶,03-22-2019 10:49:07
RT @GOPChairwoman: You can't deny our economy is roaring: *fastest GDP growth in 13 years *1M more job openings than people looking for‚Ä¶,03-22-2019 02:39:49
RT @DonaldJTrumpJr: Super excited today that @realdonaldTrump is signing an executive order today to protect free speech rights for ALL stu‚Ä¶,03-22-2019 02:39:21
RT @WhiteHouse: President @realDonaldTrump's historic investments in our defense industrial base keep two of his biggest promises to voters‚Ä¶,03-22-2019 02:38:30
RT @WhiteHouse: Today there are plenty of reasons for that trust. Manufacturing jobs are roaring back. Blue-collar workers are set to make‚Ä¶,03-22-2019 02:22:31
Today we celebrate the lives and achievements of Americans with Down Syndrome. @VP and I will always stand with these wonderful families and together we will always stand for LIFE! #WorldDownSyndromeDay https://t.co/u7vrG7JnCP,03-21-2019 21:12:05
We are here today to take historic action to defend American Students and American Values. In a few moments I will be signing an Executive Order to protect FREE SPEECH on College Campuses.https://t.co/gFFnSl1bEF,03-21-2019 20:12:40
After 52 years it is time for the United States to fully recognize Israel‚Äôs Sovereignty over the Golan Heights which is of critical strategic and security importance to the State of Israel and Regional Stability!,03-21-2019 16:50:46
‚ÄúJohn Solomon: As Russia Collusion fades Ukrainian plot to help Clinton emerges.‚Äù @seanhannity  @FoxNews,03-21-2019 02:40:55
‚ÄúThe reason we have the Special Counsel investigation is that James Comey (a dirty cop) leaked his memos to a friend who leaked them to the press on purpose.‚Äù @KennedyNation Totally illegal!,03-21-2019 02:04:05
https://t.co/UhTjBuWY2h,03-21-2019 02:00:05
Leaving the GREAT STATE of OHIO for the @WhiteHouse. A really great day!,03-21-2019 00:07:50
https://t.co/ssJNhlTMzy,03-20-2019 23:37:42
ISIS Caliphate two years ago in red vs. ISIS Caliphate TODAY. (Was even worse in November 2016 before I took office). https://t.co/MUgfex4rCj,03-20-2019 21:25:57
Really beautiful to see! https://t.co/DKq2TIeiSs,03-20-2019 20:57:57
Great news from @Ford! They are investing nearly $1 BILLION in Flat Rock Michigan for auto production on top of a $1 BILLION investment last month in a facility outside of Chicago. Companies are pouring back into the United States - they want to be where the action is!,03-20-2019 20:51:41
I am thrilled to be here in Ohio with the hardworking men and women of the Lima Army Tank Plant! We are here today to celebrate a resounding victory for all of you for Northwest Ohio for our GREAT MILITARY and for our entire Country...https://t.co/ZWbjX0Be9m,03-20-2019 20:23:04
George Conway often referred to as Mr. Kellyanne Conway by those who know him is VERY jealous of his wife‚Äôs success &amp; angry that I with her help didn‚Äôt give him the job he so desperately wanted. I barely know him but just take a look a stone cold LOSER &amp; husband from hell!,03-20-2019 11:51:40
The Democrats are getting very ‚Äústrange.‚Äù They now want to change the voting age to 16 abolish the Electoral College and Increase significantly the number of Supreme Court Justices. Actually you‚Äôve got to win it at the Ballot Box!,03-20-2019 04:04:40
Not a good situation! https://t.co/uaMcSrX4yM,03-20-2019 03:53:03
....just the large States - the Cities would end up running the Country. Smaller States &amp; the entire Midwest would end up losing all power - &amp; we can‚Äôt let that happen. I used to like the idea of the Popular Vote but now realize the Electoral College is far better for the U.S.A.,03-20-2019 02:17:39
Campaigning for the Popular Vote is much easier &amp; different than campaigning for the Electoral College. It‚Äôs like training for the 100 yard dash vs. a marathon. The brilliance of the Electoral College is that you must go to many States to win. With the Popular Vote you go to....,03-20-2019 02:05:48
RT @DonaldJTrumpJr: My latest OP-Ed on Tech Censorship - check it out and RT. Conservatives face a tough fight as Big Tech's censorship e‚Ä¶,03-20-2019 00:33:50
Thank you @JesseBWatters could not have said it any better myself! https://t.co/HirL10zwZl,03-19-2019 23:23:33
Amazingly CNN just released a poll at 71% saying that the economy is in the best shape since 2001 18 years! WOW is CNN becoming a believer?,03-19-2019 21:28:55
https://t.co/95I4towyEP,03-19-2019 16:04:09
I will be looking into this! #StopTheBias https://t.co/ZTWQolvmdM,03-19-2019 15:32:51
Facebook Google and Twitter not to mention the Corrupt Media are sooo on the side of the Radical Left Democrats. But fear not we will win anyway just like we did before! #MAGA,03-19-2019 13:57:04
‚ÄúYou can‚Äôt dispel this mood of positive energy.‚Äù  @Varneyco  The Economy is Great!,03-19-2019 13:31:02
A total loser! https://t.co/vm3Vv2f9jf,03-19-2019 12:34:40
The Fake News Media has NEVER been more Dishonest or Corrupt than it is right now. There has never been a time like this in American History. Very exciting but also very sad! Fake News is the absolute Enemy of the People and our Country itself!,03-19-2019 12:24:21
https://t.co/h2bZ1p3UlY,03-19-2019 03:48:54
https://t.co/QxJBMTAZqG,03-19-2019 01:38:48
Rep. Devin Nunes Files $250M Defamation Lawsuit Against Twitter Two Anonymous Twitter Accounts https://t.co/fT9ZXdWg7z via @thedailybeast,03-19-2019 01:32:29
While the press doesn‚Äôt like writing about it nor do I need them to I donate my yearly Presidential salary of $400000.00 to different agencies throughout the year this to Homeland Security. If I didn‚Äôt do it there would be hell to pay from the FAKE NEWS MEDIA! https://t.co/xqIGUOwh4x,03-18-2019 22:29:29
https://t.co/precsXDarx,03-18-2019 21:35:35
Our prayers are with the great people of South Dakota. We are staying in close contact with @GovKristiNoem and all the State and Local leaders during and after these devastating floods. Everyone be safe! https://t.co/9CNcPJZ3qi,03-18-2019 20:57:23
My team is staying in close contact with Governor Kim Reynolds (@IAGovernor) of Iowa and the local officials managing these floods. We support you and thank all of the first responders working long hours to help the great people of Iowa! https://t.co/mZ4grxQ1Sa,03-18-2019 20:52:32
https://t.co/sb4UfYkFWI,03-18-2019 16:12:03
GDP growth during the four quarters of 2018 was the fastest since 2005. This Administration is the first on record to have experienced economic growth that meets or exceeds its own forecasts in each of its first two years in office. GROWTH is beating MARKET EXPECTATIONS!,03-18-2019 16:00:58
Wow! A Suffolk/USA Today Poll just out states ‚Äú50% of Americans AGREE that  Robert Mueller‚Äôs investigation is a Witch Hunt.‚Äù @MSNBC  Very few think it is legit! We will soon find out?,03-18-2019 15:07:40
The Fake News Media is working overtime to blame me for the horrible attack in New Zealand. They will have to work very hard to prove that one. So Ridiculous!,03-18-2019 13:38:30
Joe Biden got tongue tied over the weekend when he was unable to properly deliver a very simple line about his decision to run for President. Get used to it another low I.Q. individual!,03-18-2019 13:14:14
93% Approval Rating in the Republican Party. Thank you!,03-18-2019 11:55:21
....are all coming back to the U.S. So is everyone else. We now have the best Economy in the World the envy of all. Get that big beautiful plant in Ohio open now. Close a plant in China or Mexico where you invested so heavily pre-Trump but not in the U.S.A. Bring jobs home!,03-18-2019 11:45:19
General Motors and the UAW are going to start ‚Äútalks‚Äù in September/October. Why wait start them now! I want jobs to stay in the U.S.A. and want Lordstown (Ohio) in one of the best economies in our history opened or sold to a company who will open it up fast! Car companies.....,03-18-2019 11:37:55
MAKE AMERICA GREAT AGAIN!,03-18-2019 02:04:11
What the Democrats have done in trying to steal a Presidential Election first at the ‚Äúballot box‚Äù and then after that failed with the ‚ÄúInsurance Policy‚Äù is the biggest Scandal in the history of our Country!,03-17-2019 23:16:38
Just spoke to Mary Barra CEO of General Motors about the Lordstown Ohio plant. I am not happy that it is closed when everything else in our Country is BOOMING. I asked her to sell it or do something quickly. She blamed the UAW Union ‚Äî I don‚Äôt care I just want it open!,03-17-2019 22:27:27
RT @williamcraddick: Russiagate was designed in part to help the UK counter Russian influence by baiting the United States into taking a ha‚Ä¶,03-17-2019 21:55:11
RT @JackPosobiec: Why did CNN cut her off after she destroyed their Islamophobia hoax? https://t.co/zYepQbVqn8,03-17-2019 21:51:27
RT @JackPosobiec: ‚ÄúTeen stabbed about 100 times and set on fire in MS-13 murder police say‚Äù https://t.co/Xrj1j9h7qe,03-17-2019 21:45:18
RT @LindaSuhler: @realDonaldTrump @FoxNews @ArthelNeville @LelandVittert Absolutely true President Trump. When those three show up I turn‚Ä¶,03-17-2019 21:44:57
RT @SaraCarterDC: POWELL: Andrew Weissmann ‚Äî The Kingpin Of Prosecutorial Misconduct ‚Äî Leaves Mueller‚Äôs Squad | The Daily Caller https://t.‚Ä¶,03-17-2019 21:44:17
RT @WhiteHouse: Happy St. Patrick's Day! ‚òòÔ∏è https://t.co/GEGdysOWFB,03-17-2019 21:38:26
RT @parscale: David Urban: Trump‚Äôs PA popularity no accident | https://t.co/mMJ65vRLhc https://t.co/0XfqEBl4p6,03-17-2019 21:36:53
RT @LonewolfnDuke: @Lrihendry https://t.co/eVXFEQCkat,03-17-2019 21:36:33
RT @vmbb12: We have to fight back. They have not let up on President Trump nor his supporters since they lost. They are losers we are win‚Ä¶,03-17-2019 21:36:00
RT @ChuckCallesto: REVEALED: Foreign Government Official Offered Hillary Campaign Dirt On Trump [Details] https://t.co/t9EMftRAIG,03-17-2019 21:34:16
RT @ChuckCallesto: BREAKING:  ==&gt; Minnesota Democrats make move to REMOVE Ilhan Omar from Congress...https://t.co/77LYHMQ96K,03-17-2019 21:34:13
RT @ChuckCallesto: Christopher Steele Admits Using Posts By ‚ÄòRandom Individuals‚Äô From CNN To Back Up Trump Dossier https://t.co/ejhRHBjoBV,03-17-2019 21:31:42
RT @ChuckCallesto: President Trump Defends Judge Jeanine After Fox Censors Her Show https://t.co/NodG0t0w2I,03-17-2019 21:31:06
RT @superyayadize: NPR Accidentally Admits Border Fences Are Effective - Over past several decades migrants have turned to more rugged par‚Ä¶,03-17-2019 21:25:35
RT @Lrihendry: Meghan MCCain took a swipe at Trump suggesting ‚Äúno one will ever love you like they loved my father‚Äù WRONG Meghan! Million‚Ä¶,03-17-2019 21:22:40
Those Republican Senators who voted in favor of Strong Border Security (and the Wall) are being uniformly praised as they return to their States. They know there is a National Emergency at the Southern Border and they had the courage to ACT. Great job!,03-17-2019 20:58:32
Were @FoxNews weekend anchors @ArthelNeville and @LelandVittert trained by CNN prior to their ratings collapse? In any event that‚Äôs where they should be working along with their lowest rated anchor Shepard Smith!,03-17-2019 18:18:45
Democrat UAW Local 1112 President David Green ought to get his act together and produce. G.M. let our Country down but other much better car companies are coming into the U.S. in droves. I want action on Lordstown fast. Stop complaining and get the job done! 3.8% Unemployment!,03-17-2019 17:38:40
https://t.co/yvJpMzy3R4,03-17-2019 13:53:37
....to the people that got you there. Keep fighting for Tucker and fight hard for @JudgeJeanine. Your competitors are jealous - they all want what you‚Äôve got - NUMBER ONE. Don‚Äôt hand it to them on a silver platter. They can‚Äôt beat you you can only beat yourselves!,03-17-2019 13:44:25
https://t.co/gj32A6PowS,03-17-2019 13:43:17
....must stay strong and fight back with vigor. Stop working soooo hard on being politically correct which will only bring you down and continue to fight for our Country. The losers all want what you have don‚Äôt give it to them. Be strong &amp; prosper be weak &amp; die! Stay true....,03-17-2019 13:33:03
Bring back @JudgeJeanine Pirro. The Radical Left Democrats working closely with their beloved partner the Fake News Media is using every trick in the book to SILENCE a majority of our Country. They have all out campaigns against @FoxNews hosts who are doing too well. Fox .....,03-17-2019 13:18:29
Happy St. Patrick‚Äôs Day! ‚òòÔ∏è https://t.co/WmuNzJSRr8,03-17-2019 12:50:00
So it was indeed (just proven in court papers) ‚Äúlast in his class‚Äù (Annapolis) John McCain that sent the Fake Dossier to the FBI and Media hoping to have it printed BEFORE the Election. He &amp; the Dems working together failed (as usual). Even the Fake News refused this garbage!,03-17-2019 12:41:15
So it was indeed (just proven in court papers) ‚Äúlast in his class‚Äù (Annapolis) John McCain that sent the Fake Dossier to the FBI and Media hoping to have it printed BEFORE the Election. He &amp; the Dems working together  failed (as usual). Even the Fake News refused this garbage!,03-17-2019 12:36:08
Report: Christopher Steele backed up his Democrat &amp; Crooked Hillary paid for Fake &amp; Unverified Dossier with information he got from ‚Äúsend in watchers‚Äù of low ratings CNN. This is the info that got us the Witch Hunt!,03-17-2019 12:23:30
....Should Federal Election Commission and/or FCC look into this? There must be Collusion with the Democrats and of course Russia! Such one sided media coverage most of it Fake News. Hard to believe I won and am winning. Approval Rating 52% 93% with Republicans. Sorry!  #MAGA,03-17-2019 12:13:58
It‚Äôs truly incredible that shows like Saturday Night Live not funny/no talent can spend all of their time knocking the same person (me) over &amp; over without so much of a mention of ‚Äúthe other side.‚Äù Like an advertisement without consequences. Same with Late Night Shows......,03-17-2019 11:59:15
RT @realDonaldTrump: I‚Äôd like to thank all of the Great Republican Senators who bravely voted for Strong Border Security and the WALL. This‚Ä¶,03-16-2019 21:34:52
RT @realDonaldTrump: .....THIS SHOULD NEVER HAPPEN TO A PRESIDENT AGAIN!,03-16-2019 21:34:21
RT @realDonaldTrump: ....should never have been appointed and there should be no Mueller Report. This was an illegal &amp; conflicted investiga‚Ä¶,03-16-2019 21:34:18
RT @realDonaldTrump: So if there was knowingly &amp; acknowledged to be ‚Äúzero‚Äù crime when the Special Counsel was appointed and if the appoin‚Ä¶,03-16-2019 21:34:15
RT @realDonaldTrump: ‚ÄúNew evidence that the Obama era team of the FBI DOJ &amp; CIA were working together to Spy on (and take out) President T‚Ä¶,03-16-2019 21:34:04
How is the Paris Environmental Accord working out for France? After 18 weeks of rioting by the Yellow Vest Protesters I guess not so well! In the meantime the United States has gone to the top of all lists on the Environment.,03-16-2019 21:22:25
Google is helping China and their military but not the U.S. Terrible! The good news is that they helped Crooked Hillary Clinton and not Trump....and how did that turn out?,03-16-2019 21:07:46
Because the economy is so good General Motors must get their Lordstown Ohio plant open maybe in a different form or with a new owner FAST! Toyota is investing 13.5 $Billion in U.S. others likewise. G.M. MUST ACT QUICKLY. Time is of the essence!,03-16-2019 21:01:21
Spreading the fake and totally discredited Dossier ‚Äúis unfortunately a very dark stain against John McCain.‚Äù Ken Starr Former Independent Counsel. He had far worse ‚Äústains‚Äù than this including thumbs down on repeal and replace after years of campaigning to repeal and replace!,03-16-2019 20:46:36
This is a National Emergency...https://t.co/AAKBuNW2ro,03-16-2019 19:32:23
RT @WhiteHouse: Sheriff Hodgson: "Mr. President you have stood up and you‚Äôve taken the action. And the American people are behind you and‚Ä¶,03-16-2019 19:09:39
RT @WhiteHouse: Sheriff Louderback: "The sheriffs and men and women of law enforcement in this room and across this nation owe you a debt o‚Ä¶,03-16-2019 19:09:36
RT @WhiteHouse: Attorney General Bill Barr: ‚ÄúThe crisis that we‚Äôre dealing with today is right on our door step and it presents a real clea‚Ä¶,03-16-2019 18:37:39
Mark Morgan Former Border Patrol Chief with great experience in Law Enforcement really understands the subjects of Immigration and the Border. Thank you Mark!  @foxandfriends,03-16-2019 17:38:50
https://t.co/WQThgHWcg4,03-16-2019 17:24:46
Veto Message to the House of Representatives for H.J. Res. 46: https://t.co/9Z5JHAUv6N https://t.co/lA4RSYTZo0,03-16-2019 16:16:46
https://t.co/oCPqP4v1fH,03-16-2019 16:10:39
On the recent non-binding vote (420-0) in Congress about releasing the Mueller Report I told leadership to let all Republicans vote for transparency. Makes us all look good and doesn‚Äôt matter. Play along with the game!,03-16-2019 16:06:21
https://t.co/lopau8H33l,03-16-2019 15:56:22
https://t.co/B6NgsZuJdy,03-16-2019 15:50:36
Just spoke w/ @GovRicketts. The people of Nebraska &amp; across the Midwest especially the Farmers &amp; Ranchers are feeling the impacts from severe weather. The first responders &amp; emergency response teams have done a great job dealing w/ record flooding high winds &amp; road closures.,03-15-2019 21:16:15
https://t.co/tEgQFkcMs1,03-15-2019 20:46:03
....that we stand in solidarity with New Zealand ‚Äì and that any assistance the U.S.A. can give we stand by ready to help. We love you New Zealand!,03-15-2019 19:14:10
Just spoke with Jacinda Ardern the Prime Minister of New Zealand regarding the horrific events that have taken place over the past 24 hours. I informed the Prime Minister....,03-15-2019 19:14:10
I‚Äôd like to thank all of the Great Republican Senators who bravely voted for Strong Border Security and the WALL. This will help stop Crime Human Trafficking and Drugs entering our Country. Watch when you get back to your State they will LOVE you more than ever before!,03-15-2019 17:42:42
.....THIS SHOULD NEVER HAPPEN TO A PRESIDENT AGAIN!,03-15-2019 13:56:26
....should never have been appointed and there should be no Mueller Report. This was an illegal &amp; conflicted investigation in search of a crime. Russian Collusion was nothing more than an excuse by the Democrats for losing an Election that they thought they were going to win.....,03-15-2019 13:55:16
So if there was knowingly &amp; acknowledged to be ‚Äúzero‚Äù crime when the Special Counsel was appointed and if the appointment was made based on the Fake Dossier (paid for by Crooked Hillary) and now disgraced Andrew McCabe (he &amp; all stated no crime) then the Special Counsel.......,03-15-2019 13:47:58
‚ÄúNew evidence that the Obama era team of the FBI DOJ &amp; CIA were working together to Spy on (and take out) President Trump all the way back in 2015.‚Äù A transcript of Peter Strzok‚Äôs testimony is devastating. Hopefully the Mueller Report will be covering this. @OANN @foxandfriends,03-15-2019 12:15:33
The ‚ÄòJexodus‚Äô movement encourages Jewish people to leave the Democrat Party. Total disrespect! Republicans are waiting with open arms. Remember Jerusalem (U.S. Embassy) and the horrible Iran Nuclear Deal! @OANN  @foxandfriends,03-15-2019 12:03:10
My warmest sympathy and best wishes goes out to the people of New Zealand after the horrible massacre in the Mosques. 49 innocent people have so senselessly died with so many more seriously injured. The U.S. stands by New Zealand for anything we can do. God bless all!,03-15-2019 11:41:18
Breitbart News Network https://t.co/HdGfwuASWC via @BreitbartNews,03-15-2019 03:05:36
https://t.co/884dpZi52P,03-15-2019 02:31:13
I look forward to VETOING the just passed Democrat inspired Resolution which would OPEN BORDERS while increasing Crime Drugs and Trafficking in our Country. I thank all of the Strong Republicans who voted to support Border Security and our desperately needed WALL!,03-14-2019 19:43:08
VETO!,03-14-2019 19:16:31
Congratulations @Toyota! BIG NEWS for U.S. Auto Workers! The USMCA is already fixing the broken NAFTA deal. https://t.co/f9iHprPk5B,03-14-2019 16:18:40
A vote for today‚Äôs resolution by Republican Senators is a vote for Nancy Pelosi Crime and the Open Border Democrats!,03-14-2019 14:46:44
....If at a later date Congress wants to update the law I will support those efforts but today‚Äôs issue is BORDER SECURITY and Crime!!! Don‚Äôt vote with Pelosi!,03-14-2019 14:13:14
Prominent legal scholars agree that our actions to address the National Emergency at the Southern Border and to protect the American people are both CONSTITUTIONAL and EXPRESSLY authorized by Congress....,03-14-2019 14:13:13
Happy National Ag Day! https://t.co/hNkOh0TqvW,03-14-2019 12:40:51
The three very weak and untalented late night ‚Äúhosts‚Äù are ‚Äúfighting over table scraps. Carson did a great job it wasn‚Äôt political. I don‚Äôt know what they‚Äôre going to do in 2024 when he‚Äôs no longer President?  Will be wacky in the unemployment line.‚Äù Michael Loftus @foxandfriends,03-14-2019 12:25:25
The Democrats are ‚ÄúBorder Deniers.‚Äù They refuse to see or acknowledge the Death Crime Drugs and Human Trafficking at our Southern Border!,03-14-2019 11:54:24
My Administration looks forward to negotiating a large scale Trade Deal with the United Kingdom. The potential is unlimited!,03-14-2019 11:22:13
A big National Emergency vote today by The United States Senate on Border Security &amp; the Wall (which is already under major construction). I am prepared to veto if necessary. The Southern Border is a National Security and Humanitarian Nightmare but it can be easily fixed!,03-14-2019 10:44:56
‚ÄúDemocrats are frantic to throw something else at the President. That‚Äôs why you saw those 81 subpoenas. It‚Äôs ridiculous. Just because your still upset over an election that happened 2 1/2 years ago you should not be allowed to ruin people‚Äôs lives like this.‚Äù Lara Trump @FoxNews,03-14-2019 10:28:37
RT @WhiteHouse: January 16 2019: 247 illegal migrants rush the border in New Mexico.This is a national emergency. https://t.co/I6tLEQkbnX,03-14-2019 01:12:29
I agree with Rand Paul. This is a total disgrace and should NEVER happen to another President! https://t.co/czcUbee9x7,03-13-2019 22:52:42
‚ÄúThe Lisa Page (FBI) transcript also confirms earlier reporting that Page testified Russian Collusion was still unproven when Special Counsel Robert Mueller was appointed.‚Äù Catherine Herridge @FoxNews  In other words they appointed someone when there was (and is) no crime. Bad!,03-13-2019 22:47:30
‚ÄúDouble Standard - Former FBI lawyer (Lisa Page) admits being told to go easy on Clinton.‚Äù  Very unfair!  @FoxNews,03-13-2019 22:35:47
https://t.co/2qWkPuFDL6,03-13-2019 18:54:10
Republican Senators are overthinking tomorrow‚Äôs vote on National Emergency. It is very simply Border Security/No Crime - Should not be thought of any other way. We have a MAJOR NATIONAL EMERGENCY at our Border and the People of our Country know it very well!,03-13-2019 16:48:29
Democrats will have a unanimous vote on a 20% issue in opposing Republican Senators tomorrow. The Dems are for Open Borders and Crime!,03-13-2019 16:43:14
RT @GeraldoRivera: @SpeakerPelosi statements vs #Impeachment are refreshing &amp; conciliatory. Her conclusion that attempting to remove @realD‚Ä¶,03-13-2019 14:28:54
RT @GeraldoRivera: As #RobertMueller approaches the end interesting how little anti-Trumpers are invoking infamous #SteeleDossier the tabl‚Ä¶,03-13-2019 14:28:50
RT @DiamondandSilk: AG Letitia James of New York is abusing her power by targeting the POTUS.  Using the Attorney General office as a weapo‚Ä¶,03-13-2019 14:26:48
Comey testified (under oath) that it was a ‚Äúunanimous‚Äù decision on Crooked Hillary. Lisa Page transcripts show he LIED. @jasoninthehouse,03-13-2019 14:14:09
The Fake News photoshopped pictures of Melania then propelled conspiracy theories that it‚Äôs actually not her by my side in Alabama and other places. They are only getting more deranged with time!,03-13-2019 13:44:38
The just revealed FBI Agent Lisa Page transcripts make the Obama Justice Department look exactly like it was a broken and corrupt machine. Hopefully justice will finally be served. Much more to come!,03-13-2019 12:21:07
Defying voters the Governor of California will halt all death penalty executions of 737 stone cold killers. Friends and families of the always forgotten VICTIMS are not thrilled and neither am I!,03-13-2019 11:39:13
KEEP AMERICA GREAT!,03-13-2019 11:17:26
MAKE AMERICA GREAT AGAIN!,03-13-2019 11:17:02
‚ÄúJay Leno points out that comedy (on the very boring late night shows) is totally one-sided. It‚Äôs tough when there‚Äôs only one topic.‚Äù @foxandfriends  Actually the one-sided hatred on these shows is incredible and for me unwatchable. But remember WE are number one - President!,03-13-2019 11:15:15
....a man who is considered by many to be the President with the most successful first two years in history especially when he has done nothing wrong and impeachment is for ‚Äúhigh crimes and misdemeanors‚Äù?,03-13-2019 10:50:51
I greatly appreciate Nancy Pelosi‚Äôs statement against impeachment but everyone must remember the minor fact that I never did anything wrong the Economy and Unemployment are the best ever Military and Vets are great - and many other successes! How do you impeach....,03-13-2019 10:50:50
So many records being set with respect to our Economy. Unemployment numbers among BEST EVER. A beautiful thing to watch!,03-13-2019 04:27:21
All part of the Witch Hunt Hoax. Started by little Eric Schneiderman &amp; Cuomo. So many leaving New York! https://t.co/5HCCNFZXFN,03-13-2019 04:27:04
All part of the Witch Hunt Hoax. Started by little Eric Schneiderman &amp; Coumo. So many leaving New York! https://t.co/5HCCNFZXFN,03-13-2019 04:17:52
RT @GOP: The NY Attorney General called President Trump an ‚Äúillegitimate president.‚Äù She has proven to have a vendetta against @realDonaldT‚Ä¶,03-13-2019 04:10:51
RT @LindaSuhler: Dear GodThank you for answering our prayers.A grateful Nation#GodBlessAmericaüá∫üá∏ #PresidentTrump #ElectionDay https://‚Ä¶,03-13-2019 04:07:08
RT @Jim_Jordan: Why did @AdamSchiff try to block Congress from learning that the Clinton campaign paid for the Dossier?,03-13-2019 04:05:16
RT @Jim_Jordan: Why did @AdamSchiff say that his talks with Michael Cohen were limited to inviting him and allaying any concerns about thre‚Ä¶,03-13-2019 04:04:29
RT @DonaldJTrumpJr: Well done @SteveDaines! As we spoke about on the campaign trail and in hunting camp #publiclands is a big issue for us‚Ä¶,03-13-2019 04:03:57
RT @Jim_Jordan: Why did @AdamSchiff fail to disclose that he met with Glenn Simpson (whose Dossier oppo research was funded by the Clinton‚Ä¶,03-13-2019 04:00:58
All part of the Witch Hunt! https://t.co/5HCCNFZXFN,03-13-2019 03:57:15
RT @WhiteHouse: All across America hardworking taxpayers balance their household budgets find ways to do more with less and still manage‚Ä¶,03-13-2019 03:40:58
RT @IvankaTrump: - Labor force participation of prime-age females reached 76% in January matching the highest rate since ‚Äò03- Wages are‚Ä¶,03-13-2019 03:37:43
RT @IvankaTrump: America‚Äôs economy is stronger than ever &amp; women in the workforce are thriving:- Female unemployment reached its       LOW‚Ä¶,03-13-2019 03:37:29
RT @WhiteHouseCEA: Real average hourly earnings rose 1.9% during the past 12 months well exceeding the 0.4% pace during the year-earlier p‚Ä¶,03-13-2019 03:34:48
RT @VP: Thank you @CUNA for hosting me today!As I told their members: we‚Äôre asking every member of the US Senate: A vote against the Presi‚Ä¶,03-13-2019 03:34:25
RT @dcexaminer: For the first time in his presidency @realDonaldTrump flipped an appeals court to now have a majority of Republican-appoin‚Ä¶,03-13-2019 03:30:19
RT @WhiteHouse: Today President @realDonaldTrump signed the John D. Dingell Jr. Conservation Management and Recreation Act which prote‚Ä¶,03-13-2019 03:29:46
RT @WhiteHouse: More good news today: ‚ÄúReal wages for American families are soaring‚Äù says @WhiteHouseCEA. And along with those rising wage‚Ä¶,03-13-2019 03:28:12
New York State and its Governor Andrew Cuomo are now proud members of the group of PRESIDENTIAL HARASSERS. No wonder people are fleeing the State in record numbers. The Witch Hunt continues!,03-12-2019 22:17:13
RT @FLOTUS: While you may never personally become addicted the chances of knowing someone who struggles with it are high. If you or someo‚Ä¶,03-12-2019 16:27:42
....needed and the complexity creates danger. All of this for great cost yet very little gain. I don‚Äôt know about you but I don‚Äôt want Albert Einstein to be my pilot. I want great flying professionals that are allowed to easily and quickly take control of a plane!,03-12-2019 14:12:27
Airplanes are becoming far too complex to fly. Pilots are no longer needed but rather computer scientists from MIT. I see it all the time in many products. Always seeking to go one unnecessary step further when often old and simpler is far better. Split second decisions are....,03-12-2019 14:00:20
Patrick Moore co-founder of Greenpeace: ‚ÄúThe whole climate crisis is not only Fake News it‚Äôs Fake Science. There is no climate crisis there‚Äôs weather and climate all around the world and in fact carbon dioxide is the main building block of all life.‚Äù @foxandfriends  Wow!,03-12-2019 12:29:48
‚ÄúJewish people are leaving the Democratic Party. We saw a lot of anti Israel policies start under the Obama Administration and it got worsts &amp; worse. There is anti-Semitism in the Democratic Party. They don‚Äôt care about Israel or the Jewish people.‚Äù Elizabeth Pipko Jexodus.,03-12-2019 12:12:01
Republican Senators have a very easy vote this week. It is about Border Security and the Wall (stopping Crime Drugs etc.) not Constitutionality and Precedent. It is an 80% positive issue. The Dems are 100% United as usual on a 20% issue Open Borders and Crime. Get tough R‚Äôs!,03-11-2019 15:27:50
RT @RepAndyBiggsAZ: Kate Steinle.Sarah Root.Grant Ronnebeck.We willl no longer be bystanders to these crimes committed by illegal alien‚Ä¶,03-11-2019 14:42:28
RT @GOPChairwoman: .@realDonaldTrump made history by including a national paid family leave proposal in a presidential budget.This invest‚Ä¶,03-11-2019 14:18:59
Making Daylight Saving Time permanent is O.K. with me!,03-11-2019 14:17:01
At a recent round table meeting of business executives &amp; long after formally introducing Tim Cook of Apple I quickly referred to Tim + Apple as Tim/Apple as an easy way to save time &amp; words. The Fake News was disparagingly all over this &amp; it became yet another bad Trump story!,03-11-2019 14:12:50
RT @ChuckRossDC: NEW: Dark money group gave $2 Million DEMOCRACY INTEGRITY PROJECT the org that hired Fusion GPS and Chris Steele to bolst‚Ä¶,03-11-2019 01:58:07
RT @TomFitton: BIG:@JudicialWatch Uncovers DOJ Docs Showing Numerous Bruce Ohr Communications with Clinton/DNC's Fusion GPS Christopher St‚Ä¶,03-11-2019 01:54:00
RT @USAmbIsrael: With @LindseyGrahamSC today touring a Gaza terror tunnel. Cost of tunnel = cost of 2 new schools = cost of 30 new homes. #‚Ä¶,03-11-2019 01:53:01
RT @LindseyGrahamSC: Executive Business meeting this morning on judicial nominees in the @senjudiciary committee.WATCH:https://t.co/AAzW‚Ä¶,03-11-2019 01:52:24
RT @senatemajldr: H.R.1 is a blatant power grab to give Washington bureaucrats control over what American citizens can say about politics‚Ä¶,03-11-2019 01:51:43
RT @paulsperry_: BREAKING: US Border Patrol says that after physical barriers were erected in San Diego and El Paso sectors as well as Yum‚Ä¶,03-11-2019 01:44:25
RT @paulsperry_: BREAKING: Even Mueller's case against Russia itself for interfering in the 2016 election is breaking down,03-11-2019 01:44:21
RT @TomFitton: The real collusion scandal... why haven't Hillary Clinton and her lawyers been questioned about their collusion with Fusion‚Ä¶,03-11-2019 00:14:15
RT @TomFitton: Top House Dem says Cohen likely to face DOJ perjury probe https://t.co/Xo1o4E6f5x #FoxNews,03-11-2019 00:13:59
RT @TomFitton: .@RepAdamSchiff has another ethics scandal as a result of his and his staff colluding with Cohen on his testimony which was‚Ä¶,03-11-2019 00:12:36
‚ÄúThere‚Äôs not one shred of evidence that President Trump has done anything wrong.‚Äù @GrahamLedger One America News.  So true a total Witch Hunt - All started illegally by Crooked Hillary Clinton the DNC and others!,03-10-2019 23:42:31
RT @paulsperry_: If Schiff wasn't coaching Cohen on how to go after Trump before his testimony and was just going over procedural issues w‚Ä¶,03-10-2019 22:46:43
More people are working today in the United States 158000000 than at any time in our Country‚Äôs history. That is a Big Deal!,03-10-2019 12:05:46
Despite the most hostile and corrupt media in the history of American politics the Trump Administration has accomplished more in its first two years than any other Administration. Judges biggest Tax &amp; Regulation Cuts V.A. Choice Best Economy Lowest Unemployment &amp; much more!,03-10-2019 12:02:20
RT @WhiteHouse: ‚ÄúPublic optimism in their personal economy has hit a 16-year high under President Trump."‚ÄúThe job market doesn‚Äôt get much‚Ä¶,03-10-2019 05:00:28
RT @mike_pence: Great to be in Kentucky! I‚Äôm proud to stand with @MattBevin who is working tirelessly for the great people of the Bluegrass‚Ä¶,03-10-2019 04:33:09
‚ÄúDonald Trump‚Äôs Approval Rating is at or near his highest level ever. The media is not being honest about what is happening in this Country.‚Äù Jesse Watters,03-10-2019 04:32:18
RT @TomFitton: .@JudicialWatch uncovers major Ohr-Steele-Fusion GPS collusion docs PLUS did Schiff conspire with Cohen to smear @RealDonald‚Ä¶,03-10-2019 04:23:35
RT @WhiteHouse: Economic security is national security. That's the principle at work as President @realDonaldTrump helps our veterans tra‚Ä¶,03-10-2019 04:21:34
RT @GOPChairwoman: Since the mainstream media doesn‚Äôt cover the booming @realDonaldTrump economy enough:-Wage growth just hit 3.4% ‚Äì the‚Ä¶,03-10-2019 04:20:36
Will soon be 145 Judges! https://t.co/LoTbT4RFJj,03-10-2019 04:19:53
This is just the beginning! https://t.co/PYwFGVGUxX,03-09-2019 22:50:47
RT @TimRunsHisMouth: Democrats so far in 2019:‚úÖWon't condemn anti-semitism in the House of Reps.‚úÖDo nothing against a racist Governor w‚Ä¶,03-09-2019 22:20:01
The Witch Hunt continues! https://t.co/9W1iUgE0d6,03-09-2019 22:19:10
....and renovated with MUCH MORE to follow shortly. Tens of thousands of illegals are being apprehended (captured) at the Border and NOT allowed into our Country. With another President millions would be pouring in. I am stopping an invasion as the Wall gets built. #MAGA,03-09-2019 22:13:55
Wacky Nut Job @AnnCoulter who still hasn‚Äôt figured out that despite all odds and an entire Democrat Party of Far Left Radicals against me (not to mention certain Republicans who are sadly unwilling to fight) I am winning on the Border. Major sections of Wall are being built...,03-09-2019 22:04:22
I hope the grandstanding Governor of California is able to spend his very highly taxed citizens money on asylum holds more efficiently than money has been spent on the so-called Fast Train which is $Billions over budget &amp; in total disarray. Time to reduce taxes in California!,03-09-2019 21:50:23
RT @dbongino: Is there anything that the Democrats stand for that aligns with American values anymore? Now that they‚Äôve gone all-in on anti‚Ä¶,03-09-2019 20:37:14
RT @RepMarkMeadows: Before Michael Cohen's testimony last week he and Adam Schiff met for TEN hours. But last Sunday Schiff told CBS his‚Ä¶,03-09-2019 20:37:14
RT @RepDanCrenshaw: Today I offered a motion to recommit #HR1 reaffirming that only US citizens should have the right to vote. Dems rejec‚Ä¶,03-09-2019 20:35:24
Border Patrol and Law Enforcement has apprehended (captured) large numbers of illegal immigrants at the Border. They won‚Äôt be coming into the U.S. The Wall is being built and will greatly help us in the future and now!,03-09-2019 14:07:12
https://t.co/QUuEBfFo44,03-09-2019 01:18:38
.@RepMikeTurner  ‚ÄúThe only time that Michael Cohen told the truth is when he pled that he is guilty.‚Äù  Also when he said no collusion and I did not tell him to lie!‚Äù,03-08-2019 23:18:27
RT @MSNBC: President Trump and First Lady Melania Trump view memorial crosses for the 23 people killed in the Alabama tornadoes. https://t.‚Ä¶,03-08-2019 23:02:29
Unimaginable loss - Such great people! https://t.co/AV9oi8XuaE,03-08-2019 23:00:56
RT @IvankaTrump: Thank you for your exemplary service to our nation Secretary Wilson! https://t.co/sYGLGmOT4X,03-08-2019 22:57:07
RT @FLOTUS: Happy #InternationalWomensDay2019 https://t.co/MtecsanuEo,03-08-2019 22:46:33
RT @IvankaTrump: Happy International Women‚Äôs Day! #IWD2019 #WGDP @USAID @WhiteHouse https://t.co/DOX6vGeCZd,03-08-2019 22:46:23
RT @marklevinshow: Victor Davis Hanson is on next. His new book the Case for Trump is out now! https://t.co/u8JLoroBca,03-08-2019 21:30:25
RT @marklevinshow: Ron DeSantis America‚Äôs governor https://t.co/WmJ9yC922a,03-08-2019 21:28:49
RT @cvpayne: Jobs Report:  Most Important HighlightNon-Supervisory Wages continue to surge and outpace overall wage increasesThis is amaz‚Ä¶,03-08-2019 21:26:51
RT @LouDobbs: Radical Dimms embarrass themselves:  Debate over anti-Semitism charges exposes divide in Democratic Party. https://t.co/xm4SD‚Ä¶,03-08-2019 21:23:49
RT @LouDobbs: #AmericaFirst ‚Äì @marc_lotter: Democrats couldn‚Äôt condemn anti-semitism. That‚Äôs because the radical left-wing socialists have‚Ä¶,03-08-2019 21:23:18
RT @TomFitton: .@JudicialWatch exposed that Clinton operation and FBI paying Steele at the same time here:  https://t.co/fICH35a59c https:/‚Ä¶,03-08-2019 20:52:15
RT @TomFitton: NEW: Cohen Testimony is Abuse of @RealDonaldTrump: Deep State Abuse and Leaks Targets Trump Family/WH On Security Clearances‚Ä¶,03-08-2019 20:52:06
Sessions didn‚Äôt have a clue! https://t.co/XlLpnINOBv,03-08-2019 20:50:22
Aluminum prices are down 12% since I instituted Tariffs on Aluminum Dumping - and the U.S. will be taking in Billions plus jobs. Nice!,03-08-2019 20:45:41
RT @paulsperry_: Cohen claimed his shady father-in-law's "in the clothing business" when in fact he's loan shark in same taxicab medallion‚Ä¶,03-08-2019 20:38:16
RT @paulsperry_: BREAKING: Democratic Rep. Jerry "Joe McCarthy" Nadler who just yesterday declared that Trump obstructed justice just now‚Ä¶,03-08-2019 20:36:53
RT @paulsperry_: Despite running informants/stings on Trump camp electronically spying for yrunmasking NSA intercepts rummaging thru Tru‚Ä¶,03-08-2019 20:36:50
RT @paulsperry_: Glenn Simpson &amp; Christopher Steele r 2 of biggest villains in Russia collusion hoax yet neither has faced serious scrutin‚Ä¶,03-08-2019 20:31:15
RT @paulsperry_: Now that even some MSM acknowledging there never was a "collusion" scandal when will MSM start investigating the real sca‚Ä¶,03-08-2019 20:30:48
RT @IvankaTrump: We have reached 6577623 pledged new career opportunities apprenticeships continuing education and on-the-job training‚Ä¶,03-08-2019 20:27:33
....as Secretary of the Air Force and I know she will be equally great in the very important world of higher education. A strong thank you to Heather for her service.,03-08-2019 18:47:33
Congratulations to Heather Wilson who is the sole finalist to become the next President of University of Texas at El Paso effective September 1 2019. Heather has done an absolutely fantastic job...,03-08-2019 18:47:33
Bad lawyer and fraudster Michael Cohen said under sworn testimony that he never asked for a Pardon. His lawyers totally contradicted him. He lied! Additionally he directly asked me for a pardon. I said NO. He lied again! He also badly wanted to work at the White House. He lied!,03-08-2019 16:04:20
Heading now to the Great State of Alabama!,03-08-2019 14:59:22
On International Women‚Äôs Day we honor women worldwide for their vital role in shaping and strengthening our communities families governments and businesses...https://t.co/VVnkuBPmhA,03-08-2019 14:13:54
Women‚Äôs unemployment rate is down to 3.6% - was 7.9% in January 2011. Things are looking good!,03-08-2019 13:58:29
We are apprehending record numbers of illegal immigrants - but we need the Wall to help our great Border Patrol Agents!,03-08-2019 13:54:57
‚ÄúThis is as good a time as I can remember to be an American Worker. We have the strongest economy in the world.‚Äù  Stuart Varney @foxandfriends  So true!,03-08-2019 13:43:28
Both the Judge and the lawyer in the Paul Manafort case stated loudly and for the world to hear that there was NO COLLUSION with Russia. But the Witch Hunt Hoax continues as you now add these statements to House &amp; Senate Intelligence &amp; Senator Burr. So bad for our Country!,03-08-2019 13:30:46
PRESIDENTIAL HARASSMENT!,03-08-2019 12:34:24
I cannot believe the level of dishonesty in the media. It is totally out of control but we are winning!,03-08-2019 12:32:44
Thank you @foxandfriends. Great show!,03-08-2019 12:26:00
The Wall is being built and is well under construction. Big impact will be made. Many additional contracts are close to being signed. Far ahead of schedule despite all of the Democrat Obstruction and Fake News!,03-08-2019 12:24:07
Breaking News @MSNBC: ‚ÄúCohen‚Äôs lawyer contradicts Cohen‚Äôs testimony about never seeking a Presidential Pardon.‚Äù,03-07-2019 22:39:11
We are on track to APPREHEND more than one million people coming across the Southern Border this year. Great job by Border Patrol (and others) who are working in a Broken System. Can be fixed by Congress so easily and quickly if only the Democrats would get on board!,03-07-2019 14:38:54
It was not a campaign contribution and there were no violations of the campaign finance laws by me. Fake News!,03-07-2019 14:24:45
Democrats just blocked @FoxNews from holding a debate. Good then I think I‚Äôll do the same thing with the Fake News Networks and the Radical Left Democrats in the General Election debates!,03-07-2019 00:05:33
Wall Street Journal: ‚ÄúMore migrant families crossing into the U.S. illegally have been arrested in the first five months of the federal fiscal year than in any prior full year.‚Äù We are doing a great job at the border but this is a National Emergency!,03-07-2019 00:02:15
Congressman Chris Stewart: ‚ÄúNo one is accusing the President of a crime and yet they (the Democrats) are issuing hundreds of subpoenas. This is unprecedented.‚Äù They are desperately trying to find anything they can even a punctuation mistake in a document!,03-06-2019 23:56:45
American Workforce Policy Advisory Board Meeting at the @WhiteHouse! https://t.co/izb2tTrINB,03-06-2019 22:04:13
It is shameful that House Democrats won‚Äôt take a stronger stand against Anti-Semitism in their conference. Anti-Semitism has fueled atrocities throughout history and it‚Äôs inconceivable they will not act to condemn it!,03-06-2019 19:50:45
Senate Republicans are not voting on constitutionality or precedent they are voting on desperately needed Border Security &amp; the Wall. Our Country is being invaded with Drugs Human Traffickers &amp; Criminals of all shapes and sizes. That‚Äôs what this vote is all about. STAY UNITED!,03-06-2019 17:54:06
RT @DonaldJTrumpJr: Jim Jordan: No evidence of Trump colluding with Russia but 'all kinds' showing Clinton campaign did https://t.co/XR2hU‚Ä¶,03-06-2019 04:54:20
Weirdo Tom Steyer doesn‚Äôt have the ‚Äúguts‚Äù or money to run for President. He‚Äôs all talk! https://t.co/klmVsCmeNE,03-06-2019 04:53:11
RT @DonaldJTrumpJr: Weird that all of a sudden the Fake Dossier author (paid for by Hillary and the DNC etc) no longe wants to show up and‚Ä¶,03-06-2019 04:45:07
RT @IngrahamAngle: Tune in tonight for blockbuster analysis of the Dems‚Äô colossally stupid decision to overreach with overbroad subpoenas..‚Ä¶,03-06-2019 04:43:07
Hans Von Spakovsky ‚ÄúI haven‚Äôt seen any evidence of actual violations of the law which is usually a basis before you start an investigation. Adam Schiff seems to be copying Joseph McCarthy in wanting to open up investigations when they don‚Äôt have any evidence of wrongdoing.‚Äù,03-06-2019 04:27:18
RT @Uncle_Jimbo: .@JerryNadler admits on #CNN they have no proof of Obstruction by @realDonaldTrump it's just his "personal opinion"Meet‚Ä¶,03-06-2019 04:17:54
Presidential Harassment! https://t.co/AHz6kLliaC,03-06-2019 04:17:33
RT @GOPChairwoman: While @realDonaldTrump was successful in the private sector career politicians enrich themselves by spending decades in‚Ä¶,03-06-2019 04:16:05
RT @PressSec: Statement on Chairman Nadler‚Äôs fishing expedition. https://t.co/tBsVzrtGYg,03-06-2019 04:15:41
‚Äú(Crooked) Hillary Clinton confirms she will not run in 2020 rules out a third bid for White House.‚Äù Aw-shucks does that mean I won‚Äôt get to run against her again? She will be sorely missed!,03-05-2019 22:18:31
....Scott has helped us to lower drug prices get a record number of generic drugs approved and onto the market and so many other things. He and his talents will be greatly missed!,03-05-2019 20:54:27
Scott Gottlieb who has done an absolutely terrific job as Commissioner of the FDA plans to leave government service sometime next month....,03-05-2019 20:54:27
Just a few moments ago I signed an EO addressing one of our nation‚Äôs most heartbreaking tragedies: VETERANS SUICIDE. To every Veteran‚ÄîI want you to know that you have an entire nation of more than 300 million people behind you. You will NEVER be forgotten.https://t.co/DKxiV5Ku3B,03-05-2019 19:49:38
Our great First Lady (@FLOTUS) will be doing a LIVE show TODAY at 1:00 PM PT with the terrific @EricBolling at the @WestgateVegas Resort. She‚Äôs on her #BeBest Tour helping address the #OpioidCrisis. Free admission for the first 1500 people!,03-05-2019 19:00:18
Republican Approval Rating just hit 93%. Sorry Haters! MAKE AMERICA GREAT AGAIN!,03-05-2019 14:15:47
PRESIDENTIAL HARASSMENT!,03-05-2019 14:12:28
The greatest overreach in the history of our Country. The Dems are obstructing justice and will not get anything done. A big fat fishing expedition desperately in search of a crime when in fact the real crime is what the Dems are doing and have done!,03-05-2019 14:11:42
‚ÄúHIV Is Cured In 2nd Patient Doctors Report.‚Äù @nytimes  Such great news for so many. Tremendous progress being made!,03-05-2019 13:22:28
Now that they realize the only Collusion with Russia was done by Crooked Hillary Clinton &amp; the Democrats Nadler Schiff and the Dem heads of the Committees have gone stone cold CRAZY. 81 letter sent to innocent people to harass them. They won‚Äôt get ANYTHING done for our Country!,03-05-2019 13:14:34
@StarParker is indeed a ‚ÄúStar!‚Äù Thank you. Center for Urban Renewal &amp; Ed. @JesseBWatters @LauraIngram,03-05-2019 04:44:13
Representative Ilhan Omar is again under fire for her terrible comments concerning Israel. Jewish groups have just sent a petition to Speaker Pelosi asking her to remove Omar from Foreign Relations Committee. A dark day for Israel!,03-05-2019 04:33:57
‚ÄúWe the people will now be subjected to the biggest display of modern day McCarthyism....which is the widest fishing net expedition....every aspect of the presidents life....all in order to get power back so they can institute Socialism.‚Äù @seanhannity,03-05-2019 03:50:37
‚ÄúWe the people will now be subjected to the biggest display of modern day McCathyism....which is the widest fishing net expedition....every aspect of the presidents life....all in order to get power back so they can institute Socialism.‚Äù @seanhannity,03-05-2019 03:40:40
RT @JudicialWatch: Right now our borders are being used as gateways for drug cartels &amp; violent criminals ‚Äì each day adding to the millions‚Ä¶,03-05-2019 02:24:38
.... Amazon like the Washington Post. It‚Äôs hard to remember that not so long ago America had prestige media outlets but not anymore.‚Äù @TuckerCarlson   The Fake News Media is the true Enemy of the People!,03-05-2019 02:10:34
‚ÄúThe American Media has changed forever. News organizations that seemed like a big deal are now extinct.  Those that remain have now degraded themselves beyond recognition like the New Yorker - or they‚Äôve been purchased by Jeff Bezos to conduct unregistered lobbying for.........,03-05-2019 02:04:29
Presidential Harassment! https://t.co/2Cz5ckERcs,03-05-2019 01:59:32
RT @WhiteHouse: President Trump's message to those affected by the tornadoes in the Gulf states: "We grieve by your side and we pledge our‚Ä¶,03-04-2019 20:53:21
‚ÄúThere is no Collusion. All of these investigations are in search of a crime. Democrats have no evidence to impeach President Trump. Ridiculous!‚Äù @DevinNunes @FoxNews,03-04-2019 20:17:23
‚ÄúNow that the Dems are going to try &amp; switch from Collusion to some other reason it makes them continue to look like sore losers who didn‚Äôt accept the WILL OF THE PEOPLE in the last election - they will do anything to get rid of the President.‚Äù @AriFleischer It will never work!,03-04-2019 20:06:34
The military drills or war games as I call them were never even discussed in my mtg w/ Kim Jong Un of NK‚ÄîFAKE NEWS! I made that decision long ago because it costs the U.S. far too much money to have those ‚Äúgames‚Äù especially since we are not reimbursed for the tremendous cost!,03-04-2019 19:53:49
FEMA has been told directly by me to give the A Plus treatment to the Great State of Alabama and the wonderful people who have been so devastated by the Tornadoes. @GovernorKayIvey one of the best in our Country has been so informed. She is working closely with FEMA (and me!).,03-04-2019 16:17:28
FEMA has been told directly by me to give the A Plus treatment to the Great State of Alabama and the wonderful people who have been so devastated by the Tornadoes. @GovIvey one of the best in our Country has been so informed. She is working closely with FEMA (and me!).,03-04-2019 14:52:14
RT @GOPChairwoman: I completely agree with Kevin McCarthy.‚Ä¶,03-04-2019 03:24:20
To the great people of Alabama and surrounding areas: Please be careful and safe. Tornadoes and storms were truly violent and more could be coming. To the families and friends of the victims and to the injured God bless you all!,03-04-2019 03:10:19
And also illegally leaking to Fake News CNN &amp; others? https://t.co/GAItdhWniB,03-04-2019 01:28:47
Schumer &amp; the Democrats are hurting our Country. Senate Republicans must take BOLD ACTION! https://t.co/QFqCaYmVPJ,03-04-2019 01:24:41
RT @MZHemingway: Man conservatives haven‚Äôt been this united on Twitter since the Kavanaugh confirmation!,03-04-2019 01:20:08
RT @ChatByCC: @realDonaldTrump President Trump made America great again! #MAGA Now it‚Äôs up to us to help him keep America great. #KAG#T‚Ä¶,03-04-2019 01:08:40
RT @rcale1776: Jon Stewart ‚ÄúListen up everybody the Trump Justice Dept is doing an excellent job administrating the 911 compensation act‚Äù‚Ä¶,03-04-2019 01:07:52
For the Democrats to interview in open hearings a convicted liar &amp; fraudster at the same time as the very important Nuclear Summit with North Korea is perhaps a new low in American politics and may have contributed to the ‚Äúwalk.‚Äù Never done when a president is overseas. Shame!,03-04-2019 01:01:01
....President. We are WINNING big the envy of the WORLD but just think what it could be?,03-04-2019 00:08:18
Presidential Harassment by ‚Äúcrazed‚Äù Democrats at the highest level in the history of our Country. Likewise the most vicious and corrupt Mainstream Media that any president has ever had to endure - Yet the most successful first two years for any,03-04-2019 00:02:53
The reason I do not want military drills with South Korea is to save hundreds of millions of dollars for the U.S. for which we are not reimbursed. That was my position long before I became President. Also reducing tensions with North Korea at this time is a good thing!,03-03-2019 20:18:23
My wonderful daughter Ivanka will be interviewed tonight by Steve Hilton on ‚ÄúThe Next Revolution.‚Äù @FoxNews 9:00 P.M. She works so hard and has achieved so much for the U.S.A.(and gets so little credit!). Then watch Mark Levin at 10:00 P.M. a great show!,03-03-2019 19:52:56
‚ÄúLook how they‚Äôre acting now and how we act when we‚Äôre in the majority. What the Democrats are doing is an abuse of power. They couldn‚Äôt find anything...they took a Fake Dossier &amp; couldn‚Äôt find any Collusion. Now they have a fake witness in Cohen.‚Äù Congressman Mark Green (R-TN).,03-03-2019 19:23:01
After more than two years of Presidential Harassment the only things that have been proven is that Democrats and other broke the law. The hostile Cohen testimony given by a liar to reduce his prison time proved no Collusion! His just written book manuscript showed what he.....,03-03-2019 16:02:13
...said was a total lie but Fake Media won‚Äôt show it. I am an innocent man being persecuted by some very bad conflicted &amp; corrupt people in a Witch Hunt that is illegal &amp; should never have been allowed to start - And only because I won the Election! Despite this great success!,03-03-2019 15:44:10
https://t.co/PTLqvZNwqY,03-03-2019 01:39:36
We‚Äôve got NASA ‚Äúrocking‚Äù again. Great activity and success. Congrats to SPACEX and all!,03-03-2019 00:48:00
The brand new manuscript for a new book by failed lawyer Michael Cohen shows his testimony was a total lie! Pundits should only use it.,03-03-2019 00:34:51
Virtually everything failed lawyer Michael Cohen said in his sworn testimony last week is totally contradicted in his just released manuscript for a book about me. It‚Äôs a total new love letter to ‚ÄúTrump‚Äù and the pols must now use it rather than his lies for sentence reduction!,03-03-2019 00:27:40
Thank you @marklevinshow!https://t.co/dwQR11genG,03-02-2019 16:21:42
@TeamCavuto  It was a 3 day train ride to Vietnam not 3 hours!,03-02-2019 15:44:33
RT @realDonaldTrump: 93% Approval Rating in the Republican Party. 52% Approval Rating overall! Not bad considering I get the most unfair (B‚Ä¶,03-02-2019 14:51:53
RT @realDonaldTrump: I hope our great Republican Senators don‚Äôt get led down the path of weak and ineffective Border Security. Without stro‚Ä¶,03-02-2019 14:50:52
RT @realDonaldTrump: Since my election as President the Dow Jones is up 43% and the NASDAQ Composite almost 50%. Great news for your 401(k)‚Ä¶,03-02-2019 14:48:47
RT @dcexaminer: Pence says President Trump has "no higher priority than the safety of the American people." #CPAC2019 https://t.co/fmBGjTBC‚Ä¶,03-02-2019 14:23:21
RT @TeamTrump: Get your OFFICIAL campaign merchandise @ https://t.co/avCW7TGIn1 or if you‚Äôre at @CPAC check out our Official booth!‚Äù #Tea‚Ä¶,03-02-2019 14:22:51
Will be speaking at CPAC at 11:30 this morning. Record crowd live broadcast. Enjoy!,03-02-2019 13:40:37
Very proud of perhaps the greatest golf course anywhere in the world. Also furthers U.K. relationship! https://t.co/3xTzzJH6Iq,03-02-2019 13:31:45
....and I did not increase their second traunch of Tariffs to 25% on March 1st. This is very important for our great farmers - and me!,03-01-2019 23:08:11
I have asked China to immediately remove all Tariffs on our agricultural products (including beef pork etc.) based on the fact that we are moving along nicely with Trade discussions....,03-01-2019 23:08:11
....for Otto‚Äôs mistreatment and death. Most important Otto Warmbier will not have died in vain. Otto and his family have become a tremendous symbol of strong passion and strength which will last for many years into the future. I love Otto and think of him often!,03-01-2019 21:03:14
I never like being misinterpreted but especially when it comes to Otto Warmbier and his great family. Remember I got Otto out along with three others. The previous Administration did nothing and he was taken on their watch. Of course I hold North Korea responsible....,03-01-2019 21:03:13
Michael Cohen‚Äôs book manuscript shows that he committed perjury on a scale not seen before. He must have forgotten about his book when he testified. What does Hillary Clinton‚Äôs lawyer Lanny Davis say about this one. Is he being paid by Crooked Hillary. Using her lawyer?,03-01-2019 13:37:09
...and the fraudulent and dishonest statements he made on Wednesday. No way it‚Äôs time to stop this corrupt and illegally brought Witch Hunt. Time to start looking at the other side where real crimes were committed. Republicans have been abused long enough. Must end now!,03-01-2019 13:26:56
Oh‚Äô I see! Now that the 2 year Russian Collusion case has fallen apart there was no Collusion except bye Crooked Hillary and the Democrats they say ‚Äúgee I have an idea let‚Äôs look at Trump‚Äôs finances and every deal he has ever done. Let‚Äôs follow discredited Michael Cohen.....,03-01-2019 13:19:44
Congress must demand the transcript of Michael Cohen‚Äôs new book given to publishers a short time ago. Your heads will spin when you see the lies misrepresentations and contradictions  against his Thursday testimony. Like a different person! He is totally discredited!,03-01-2019 13:08:02
Wow just revealed that Michael Cohen wrote a ‚Äúlove letter to Trump‚Äù manuscript for a new book that he was pushing. Written and submitted long after Charlottesville and Helsinki his phony reasons for going rogue. Book is exact opposite of his fake testimony which now is a lie!,03-01-2019 13:00:17
Great to be back from Vietnam an amazing place. We had very substantive negotiations with Kim Jong Un - we know what they want and they know what we must have. Relationship very good let‚Äôs see what happens!,03-01-2019 12:49:22
Today in Alaska it was my great honor to visit with our brave men and women of the United States Military at Joint Base Elmendorf-Richardson. We are forever grateful for their service and sacrifice. THANK YOU! https://t.co/4REVxKUsHT,03-01-2019 04:35:26
https://t.co/ywNk8EhOh0,03-01-2019 04:00:29
https://t.co/hUK9dSBM3M,03-01-2019 03:59:59
I will be interviewed by @seanhannity at 9:00 P.M. on @FoxNews. Enjoy!,03-01-2019 01:15:17
Everyone MUST watch the opening to @TuckerCarlson - A Classic! @foxnews,03-01-2019 01:12:26
THANK YOU to our generous hosts in Hanoi this week: President Trong Prime Minister Phuc and the wonderful people of Vietnam! https://t.co/AMqF0dfRhP,02-28-2019 10:25:18
RT @StateDept: President @realDonaldTrump and @SecPompeo participate in a Press Conference in Hanoi Vietnam on February 28 2019. https:/‚Ä¶,02-28-2019 10:10:02
